position,stat,bin_low,bin_high,threshold_observations,mean_probability,observed_rate
K,fg_att,0.0,0.1,1049,0.03453851001903411,0.047664442326024785
K,fg_att,0.1,0.2,987,0.12096288292655014,0.13880445795339413
K,fg_att,0.2,0.3,209,0.2892193485828737,0.2966507177033493
K,fg_att,0.3,0.4,809,0.3308399278876756,0.3127317676143387
K,fg_att,0.5,0.6,514,0.5706658738058611,0.6459143968871596
K,fg_att,0.6,0.7,504,0.6208076253757318,0.6349206349206349
K,fg_att,0.8,0.9,972,0.8821179060197148,0.8940329218106996
K,fg_att,0.9,1.0,46,0.9030044778275316,0.8695652173913043
K,fg_made,0.0,0.1,1954,0.046601740360517833,0.05680655066530194
K,fg_made,0.1,0.2,86,0.10395580622730428,0.12790697674418605
K,fg_made,0.2,0.3,1020,0.23446029574620544,0.2323529411764706
K,fg_made,0.4,0.5,464,0.4762215030358574,0.5474137931034483
K,fg_made,0.5,0.6,556,0.5118669184253926,0.5197841726618705
K,fg_made,0.8,0.9,1020,0.8406651032506025,0.8333333333333334
K,pat_att,0.0,0.1,754,0.04500471461177155,0.04907161803713528
K,pat_att,0.1,0.2,909,0.12579447313502115,0.1474147414741474
K,pat_att,0.2,0.3,729,0.2624607504021802,0.29492455418381347
K,pat_att,0.3,0.4,282,0.34757663580028747,0.3971631205673759
K,pat_att,0.4,0.5,389,0.44859465876384635,0.506426735218509
K,pat_att,0.5,0.6,314,0.5848445732907294,0.6019108280254777
K,pat_att,0.6,0.7,447,0.6627312388979316,0.6599552572706935
K,pat_att,0.7,0.8,260,0.7316253513927933,0.7961538461538461
K,pat_att,0.8,0.9,568,0.8712917037106358,0.8926056338028169
K,pat_att,0.9,1.0,453,0.9288794525973024,0.9227373068432672
K,pat_made,0.0,0.1,1050,0.05495333016927701,0.06476190476190476
K,pat_made,0.1,0.2,813,0.14309211198424276,0.16974169741697417
K,pat_made,0.2,0.3,485,0.25163886700688426,0.3030927835051546
K,pat_made,0.3,0.4,416,0.3402440582673141,0.34615384615384615
K,pat_made,0.4,0.5,299,0.43889932110356783,0.5117056856187291
K,pat_made,0.5,0.6,306,0.5646646255401385,0.5620915032679739
K,pat_made,0.6,0.7,577,0.6367653748049541,0.6516464471403813
K,pat_made,0.7,0.8,138,0.7082671288940248,0.8333333333333334
K,pat_made,0.8,0.9,793,0.8625703309271744,0.880201765447667
K,pat_made,0.9,1.0,228,0.920047211050883,0.9254385964912281
QB,attempts,0.0,0.1,2529,0.03753995184103601,0.04191379992091736
QB,attempts,0.1,0.2,830,0.14453028059080175,0.11566265060240964
QB,attempts,0.2,0.3,727,0.25286413468173485,0.1843191196698762
QB,attempts,0.3,0.4,492,0.3541987413229614,0.34552845528455284
QB,attempts,0.4,0.5,583,0.45421208892029435,0.34991423670668953
QB,attempts,0.5,0.6,380,0.5531211750305998,0.49736842105263157
QB,attempts,0.6,0.7,744,0.6431741864037438,0.510752688172043
QB,attempts,0.7,0.8,879,0.7663627876740028,0.7076222980659841
QB,attempts,0.8,0.9,919,0.862119015685835,0.8291621327529923
QB,attempts,0.9,1.0,1461,0.9481479712844022,0.9329226557152636
QB,carries,0.0,0.1,5774,0.005125508206682033,0.0031174229303775544
QB,carries,0.1,0.2,628,0.13820703811075608,0.09554140127388536
QB,carries,0.2,0.3,422,0.22936184283037586,0.3033175355450237
QB,carries,0.3,0.4,438,0.3538281830731655,0.3767123287671233
QB,carries,0.4,0.5,277,0.4547117310529282,0.44404332129963897
QB,carries,0.5,0.6,332,0.5534663571228435,0.6054216867469879
QB,carries,0.6,0.7,306,0.6397520248409441,0.8104575163398693
QB,carries,0.7,0.8,116,0.7401191430862639,0.8706896551724138
QB,carries,0.8,0.9,639,0.830234637800966,0.8294209702660407
QB,carries,0.9,1.0,612,0.9382667795800492,0.9624183006535948
QB,completions,0.0,0.1,3476,0.023735610871318848,0.017548906789413118
QB,completions,0.1,0.2,623,0.14878974845752255,0.13804173354735153
QB,completions,0.2,0.3,438,0.24941974241114095,0.1963470319634703
QB,completions,0.3,0.4,358,0.3607991982033817,0.29329608938547486
QB,completions,0.4,0.5,522,0.4517190463461514,0.3793103448275862
QB,completions,0.5,0.6,241,0.5482761472822265,0.5228215767634855
QB,completions,0.6,0.7,487,0.655695934837332,0.5667351129363449
QB,completions,0.7,0.8,493,0.739721550207894,0.6673427991886409
QB,completions,0.8,0.9,916,0.8570231687678626,0.851528384279476
QB,completions,0.9,1.0,790,0.9498969679128642,0.9405063291139241
QB,passing_interceptions,0.0,0.1,3579,0.01664332081104338,0.011455713886560491
QB,passing_interceptions,0.1,0.2,1193,0.15277797116624384,0.13327745180217937
QB,passing_interceptions,0.4,0.5,946,0.44455409382396943,0.41331923890063427
QB,passing_interceptions,0.5,0.6,247,0.5170417098201675,0.4777327935222672
QB,passing_tds,0.0,0.1,2846,0.02880536417610075,0.04005621925509487
QB,passing_tds,0.1,0.2,350,0.15110583768391075,0.16
QB,passing_tds,0.2,0.3,694,0.22776623550700353,0.24063400576368876
QB,passing_tds,0.3,0.4,340,0.3513093609536838,0.3941176470588235
QB,passing_tds,0.4,0.5,226,0.451783141739923,0.4424778761061947
QB,passing_tds,0.5,0.6,498,0.5186793686373401,0.4759036144578313
QB,passing_tds,0.6,0.7,242,0.666058043436479,0.6694214876033058
QB,passing_tds,0.7,0.8,384,0.7505450581395348,0.7317708333333334
QB,passing_tds,0.8,0.9,380,0.8425074313691204,0.7868421052631579
QB,passing_yards,0.0,0.1,5791,0.03308576545917568,0.026247625625971334
QB,passing_yards,0.1,0.2,1575,0.14276538522385698,0.11746031746031746
QB,passing_yards,0.2,0.3,1182,0.24367168659460006,0.20642978003384094
QB,passing_yards,0.3,0.4,968,0.343033552071607,0.2892561983471074
QB,passing_yards,0.4,0.5,1017,0.44773893641973495,0.3972468043264503
QB,passing_yards,0.5,0.6,964,0.5466115713872155,0.49066390041493774
QB,passing_yards,0.6,0.7,1121,0.6452695593931617,0.5575379125780553
QB,passing_yards,0.7,0.8,1144,0.7486089491903445,0.7106643356643356
QB,passing_yards,0.8,0.9,1699,0.8555775431707923,0.8346085932901707
QB,passing_yards,0.9,1.0,1241,0.9376520917382563,0.943593875906527
QB,rushing_tds,0.0,0.1,5489,0.012709502363228419,0.0187648023319366
QB,rushing_tds,0.1,0.2,288,0.16986203396087116,0.1527777777777778
QB,rushing_tds,0.2,0.3,178,0.2433088207846504,0.29213483146067415
QB,rushing_yards,0.0,0.1,11363,0.012994760929203398,0.011880665317257767
QB,rushing_yards,0.1,0.2,1027,0.1476820206581761,0.1733203505355404
QB,rushing_yards,0.2,0.3,700,0.24231134314190791,0.29714285714285715
QB,rushing_yards,0.3,0.4,350,0.34168960607498816,0.42
QB,rushing_yards,0.4,0.5,223,0.4567808351831712,0.547085201793722
QB,rushing_yards,0.5,0.6,279,0.5435346931971087,0.6021505376344086
QB,rushing_yards,0.6,0.7,235,0.6511415847882943,0.7659574468085106
QB,rushing_yards,0.7,0.8,139,0.7531848275532398,0.8201438848920863
RB,carries,0.0,0.1,10480,0.020428089574192895,0.02013358778625954
RB,carries,0.1,0.2,1646,0.14177125256839293,0.13669501822600244
RB,carries,0.2,0.3,1195,0.2506470759949401,0.23430962343096234
RB,carries,0.3,0.4,1102,0.34801418140379015,0.35753176043557167
RB,carries,0.4,0.5,858,0.44400560679630446,0.47202797202797203
RB,carries,0.5,0.6,1067,0.554112035171733,0.5613870665417057
RB,carries,0.6,0.7,700,0.6502990033222591,0.6885714285714286
RB,carries,0.7,0.8,845,0.7518940808744029,0.7881656804733728
RB,carries,0.8,0.9,1238,0.8505063895791626,0.8610662358642972
RB,carries,0.9,1.0,3685,0.969487957374108,0.9728629579375848
RB,receiving_tds,0.0,0.1,14104,0.010823253175744306,0.011344299489506523
RB,receiving_tds,0.1,0.2,161,0.10950042302057324,0.11180124223602485
RB,receiving_yards,0.0,0.1,28748,0.01432345777513571,0.012974815639348825
RB,receiving_yards,0.1,0.2,2101,0.13987722979565181,0.13707758210376011
RB,receiving_yards,0.2,0.3,998,0.23618333011538026,0.24048096192384769
RB,receiving_yards,0.3,0.4,838,0.3475685661954186,0.3424821002386635
RB,receiving_yards,0.4,0.5,521,0.45028089350278344,0.46833013435700577
RB,receiving_yards,0.5,0.6,553,0.5445471093942433,0.5858951175406871
RB,receiving_yards,0.6,0.7,244,0.6529736942432328,0.6065573770491803
RB,receiving_yards,0.7,0.8,161,0.7201976847361796,0.7701863354037267
RB,receptions,0.0,0.1,18454,0.016006397518189254,0.012734366533000975
RB,receptions,0.1,0.2,2535,0.1510068345488739,0.1341222879684418
RB,receptions,0.2,0.3,1804,0.2503775294472969,0.2361419068736142
RB,receptions,0.3,0.4,1209,0.3371818229282595,0.34739454094292804
RB,receptions,0.4,0.5,1209,0.44959728943224814,0.45492142266335817
RB,receptions,0.5,0.6,735,0.549485840847967,0.5360544217687074
RB,receptions,0.6,0.7,971,0.6423712923964403,0.6519052523171988
RB,receptions,0.7,0.8,677,0.7455232926188922,0.7754800590841949
RB,receptions,0.8,0.9,629,0.8356749362221318,0.8807631160572337
RB,receptions,0.9,1.0,307,0.9336035148852361,0.9218241042345277
RB,rushing_tds,0.0,0.1,11250,0.010376965669988926,0.0112
RB,rushing_tds,0.1,0.2,1859,0.12344632112073976,0.1242603550295858
RB,rushing_tds,0.2,0.3,539,0.22555304211687693,0.26159554730983303
RB,rushing_tds,0.3,0.4,319,0.3568720774013477,0.36990595611285265
RB,rushing_tds,0.4,0.5,273,0.4401871661007874,0.43956043956043955
RB,rushing_yards,0.0,0.1,20246,0.02024943690940305,0.022918107280450458
RB,rushing_yards,0.1,0.2,3598,0.14320617397262042,0.15341856586992775
RB,rushing_yards,0.2,0.3,2299,0.24279731618109276,0.25967812092214004
RB,rushing_yards,0.3,0.4,1518,0.3559697801356042,0.3590250329380764
RB,rushing_yards,0.4,0.5,1211,0.45709594497834083,0.4772914946325351
RB,rushing_yards,0.5,0.6,1601,0.5448847377365891,0.5827607745159276
RB,rushing_yards,0.6,0.7,1080,0.6518641565153193,0.675
RB,rushing_yards,0.7,0.8,664,0.7494045951246847,0.7740963855421686
RB,rushing_yards,0.8,0.9,1133,0.8593875079537757,0.8737864077669902
RB,rushing_yards,0.9,1.0,850,0.9577877662692984,0.9611764705882353
RB,targets,0.0,0.1,16520,0.017692035426705173,0.013861985472154963
RB,targets,0.1,0.2,2914,0.1487731355331234,0.1300617707618394
RB,targets,0.2,0.3,1730,0.25098611564534407,0.26242774566473986
RB,targets,0.3,0.4,1643,0.34163156692137997,0.3231892878880097
RB,targets,0.4,0.5,1145,0.43934628385730246,0.4585152838427948
RB,targets,0.5,0.6,1061,0.5469813158150182,0.5372290292177191
RB,targets,0.6,0.7,1038,0.6496424890698314,0.6637764932562621
RB,targets,0.7,0.8,979,0.7444185028454691,0.745658835546476
RB,targets,0.8,0.9,967,0.8565192893732372,0.8645294725956567
RB,targets,0.9,1.0,533,0.9398409304818834,0.9549718574108818
RB,total_yards,0.0,0.1,17099,0.01752089016882144,0.020059652611263818
RB,total_yards,0.1,0.2,2188,0.1466637715840556,0.12751371115173674
RB,total_yards,0.2,0.3,1287,0.23873155268504107,0.257964257964258
RB,total_yards,0.3,0.4,1178,0.3556537630648264,0.39643463497453313
RB,total_yards,0.4,0.5,711,0.44851666503123677,0.45147679324894513
RB,total_yards,0.5,0.6,801,0.5413809980049854,0.5855181023720349
RB,total_yards,0.6,0.7,511,0.6431367067374895,0.6457925636007827
RB,total_yards,0.7,0.8,682,0.7486043588819283,0.7844574780058651
RB,total_yards,0.8,0.9,413,0.8423133541946537,0.8789346246973365
RB,total_yards,0.9,1.0,789,0.9304199352391058,0.9378960709759189
TE,receiving_tds,0.0,0.1,9256,0.008009889248457318,0.00432152117545376
TE,receiving_tds,0.1,0.2,2314,0.148176490350517,0.15211754537597233
TE,receiving_yards,0.0,0.1,19338,0.016492754011604716,0.015823766677008997
TE,receiving_yards,0.1,0.2,2496,0.1474092767697419,0.15544871794871795
TE,receiving_yards,0.2,0.3,1497,0.24413278384010548,0.24448897795591182
TE,receiving_yards,0.3,0.4,1088,0.3546878053547,0.36856617647058826
TE,receiving_yards,0.4,0.5,966,0.4397969501248427,0.43788819875776397
TE,receiving_yards,0.5,0.6,676,0.5420639289154495,0.5532544378698225
TE,receiving_yards,0.6,0.7,495,0.6528306319003992,0.6666666666666666
TE,receiving_yards,0.7,0.8,662,0.7441609539199646,0.797583081570997
TE,receiving_yards,0.8,0.9,313,0.8533694925328775,0.8722044728434505
TE,receiving_yards,0.9,1.0,225,0.9181912144702843,0.9288888888888889
TE,receptions,0.0,0.1,13043,0.015729087253686568,0.017403971478954228
TE,receptions,0.1,0.2,2128,0.14625121774536007,0.14191729323308272
TE,receptions,0.2,0.3,1511,0.24700919722698,0.25347452018530775
TE,receptions,0.3,0.4,893,0.33710513294617045,0.3617021276595745
TE,receptions,0.4,0.5,806,0.4428456015102677,0.47146401985111663
TE,receptions,0.5,0.6,866,0.5368249023654792,0.5346420323325635
TE,receptions,0.6,0.7,850,0.6418760992769201,0.6552941176470588
TE,receptions,0.7,0.8,1132,0.755538076846319,0.7420494699646644
TE,receptions,0.8,0.9,869,0.8473194453471169,0.8653624856156502
TE,receptions,0.9,1.0,1032,0.9453340286898967,0.9437984496124031
TE,targets,0.0,0.1,11183,0.022195976748048102,0.023249575248144506
TE,targets,0.1,0.2,1931,0.1434429684583238,0.14603832211289489
TE,targets,0.2,0.3,1153,0.2524182185429891,0.23503902862098872
TE,targets,0.3,0.4,1539,0.34524187298565107,0.33853151397011044
TE,targets,0.4,0.5,832,0.44302645029389215,0.47596153846153844
TE,targets,0.5,0.6,1162,0.5535564183644878,0.5662650602409639
TE,targets,0.6,0.7,898,0.6536304375171108,0.6414253897550112
TE,targets,0.7,0.8,822,0.7455480919239195,0.745742092457421
TE,targets,0.8,0.9,1366,0.8546937246756784,0.8616398243045388
TE,targets,0.9,1.0,2254,0.9587886577424557,0.9649511978704526
WR,carries,0.0,0.1,34655,0.0052329296228461756,0.004357235608137354
WR,carries,0.1,0.2,491,0.16104160605178935,0.18737270875763748
WR,carries,0.2,0.3,819,0.25188930670658244,0.2612942612942613
WR,carries,0.3,0.4,183,0.3524590163934426,0.3989071038251366
WR,carries,0.4,0.5,164,0.42261567133943767,0.573170731707317
WR,receiving_tds,0.0,0.1,18140,0.008691169090902432,0.006835722160970232
WR,receiving_tds,0.1,0.2,3107,0.1460783548455048,0.13968458319922755
WR,receiving_tds,0.2,0.3,1110,0.2569483104366825,0.26036036036036037
WR,receiving_tds,0.3,0.4,318,0.3422762698760944,0.3522012578616352
WR,receiving_yards,0.0,0.1,30231,0.020007899308217093,0.017994773576792036
WR,receiving_yards,0.1,0.2,6769,0.14364905674638487,0.13089082582360761
WR,receiving_yards,0.2,0.3,4178,0.25123372069167876,0.24413595021541407
WR,receiving_yards,0.3,0.4,2652,0.34860044196569506,0.3416289592760181
WR,receiving_yards,0.4,0.5,2697,0.4563018833526115,0.4634779384501298
WR,receiving_yards,0.5,0.6,2282,0.5424628975573679,0.5363716038562665
WR,receiving_yards,0.6,0.7,1455,0.6476567227226542,0.6570446735395189
WR,receiving_yards,0.7,0.8,1749,0.7328050770350024,0.7352773013150372
WR,receiving_yards,0.8,0.9,1432,0.849820894968355,0.8526536312849162
WR,receiving_yards,0.9,1.0,1011,0.9405854536970402,0.9406528189910979
WR,receptions,0.0,0.1,23941,0.01824522660288492,0.015955891566768306
WR,receptions,0.1,0.2,3748,0.14984115559306052,0.14087513340448238
WR,receptions,0.2,0.3,3252,0.2545440985971321,0.24692496924969248
WR,receptions,0.3,0.4,2110,0.3542992552471225,0.3407582938388626
WR,receptions,0.4,0.5,1775,0.4537316924804642,0.4580281690140845
WR,receptions,0.5,0.6,2012,0.5524279571739,0.5621272365805169
WR,receptions,0.6,0.7,2184,0.6680357294975234,0.6611721611721612
WR,receptions,0.7,0.8,1639,0.7498363194476819,0.7724222086638194
WR,receptions,0.8,0.9,2322,0.8516214971055425,0.8695090439276486
WR,receptions,0.9,1.0,2397,0.9480600750938674,0.9553608677513559
WR,rushing_yards,0.0,0.1,53932,0.004103728011870737,0.002354817177186086
WR,rushing_yards,0.1,0.2,536,0.11961372539296872,0.10634328358208955
WR,targets,0.0,0.1,17126,0.023444565450600068,0.021254233329440618
WR,targets,0.1,0.2,4354,0.14664714311657512,0.13757464400551217
WR,targets,0.2,0.3,3138,0.2544916138895418,0.248565965583174
WR,targets,0.3,0.4,2444,0.35107334525939177,0.34901800327332244
WR,targets,0.4,0.5,2255,0.4514257721858402,0.4563192904656319
WR,targets,0.5,0.6,1811,0.5473848445545952,0.5599116510215351
WR,targets,0.6,0.7,2527,0.6519075709907747,0.6430550059358924
WR,targets,0.7,0.8,2156,0.7541512829837462,0.7625231910946196
WR,targets,0.8,0.9,3111,0.8548078781646095,0.8508518161362906
WR,targets,0.9,1.0,6458,0.9592439365426898,0.9633013316816352
