position,stat,threshold,games,brier,frequency_brier,mean_probability,observed_rate,eligible_test_games,evaluated_games
K,fg_att,1,1018,0.09564109969078133,0.09575648710968455,0.8830617000306771,0.8929273084479371,1023,1018
K,fg_att,2,1018,0.23327162975362795,0.23189795345745726,0.5954904737972312,0.6404715127701375,1023,1018
K,fg_att,3,1018,0.2145587166025503,0.21378345642630187,0.3222950348869844,0.3094302554027505,1023,1018
K,fg_att,4,1018,0.11843835171936,0.11816517474222238,0.12016265363000869,0.13654223968565815,1023,1018
K,fg_att,5,1018,0.045110229747395855,0.04518470681315972,0.03270695585768461,0.047151277013752456,1023,1018
K,fg_made,1,1020,0.13921662770029591,0.13894049742370193,0.8406651032506025,0.8333333333333334,1023,1020
K,fg_made,2,1020,0.2511161414268249,0.25009503256316395,0.4956517490717217,0.5323529411764706,1023,1020
K,fg_made,3,1020,0.17884790476493465,0.1783661150746466,0.23446029574620544,0.2323529411764706,1023,1020
K,fg_made,4,1020,0.08637284010413251,0.08628293177710594,0.07721321086574165,0.09509803921568627,1023,1020
K,fg_made,5,1020,0.023957327657942576,0.023943081493397987,0.020826004820532863,0.024509803921568627,1023,1020
K,pat_att,1,1021,0.08463497066779689,0.08534788543542118,0.8968423895535937,0.9059745347698335,1023,1021
K,pat_att,2,1021,0.2139637674291691,0.21932265782759577,0.6563218914424982,0.6767874632713027,1023,1021
K,pat_att,3,1021,0.2315566571172387,0.24142213402755522,0.36596099843486124,0.4005876591576885,1023,1021
K,pat_att,4,1021,0.1547341725141765,0.16141596097957053,0.17263545283270587,0.2007835455435847,1023,1021
K,pat_att,5,1021,0.07124416513381675,0.07349737158411776,0.06094767360512298,0.07933398628795299,1023,1021
K,pat_made,1,1021,0.09720985138516902,0.09799349130344934,0.8754055206119985,0.8903036238981391,1023,1021
K,pat_made,2,1021,0.2232661059830296,0.22854046042092732,0.6248206272919845,0.6493633692458374,1023,1021
K,pat_made,3,1021,0.2269460700354638,0.2361587927020193,0.34608926822442987,0.3770812928501469,1023,1021
K,pat_made,4,1021,0.1475765067618272,0.15306297926777784,0.15647645295960902,0.18707149853085211,1023,1021
K,pat_made,5,1021,0.06585775977353363,0.06767573745238802,0.05458624695351115,0.07247796278158668,1023,1021
QB,attempts,15,1193,0.10084856602496103,0.1234735569936223,0.9089609098478667,0.856663872590109,1193,1193
QB,attempts,20,1193,0.1303480082011348,0.15519771063736504,0.8673922911334946,0.8097233864207879,1193,1193
QB,attempts,25,1193,0.1861969113156844,0.21483524132990314,0.7512413218859739,0.6923721709974854,1193,1193
QB,attempts,30,1193,0.2344177550577247,0.25299743370882244,0.5653424043353672,0.5071248952221291,1193,1193
QB,attempts,35,1193,0.2006097463549569,0.21011407744979765,0.33917536682697796,0.2933780385582565,1193,1193
QB,attempts,40,1193,0.11774987810050375,0.12034125640693508,0.16373892000122528,0.1374685666387259,1193,1193
QB,attempts,45,1193,0.05438539908312557,0.05524315427654657,0.05142818155742384,0.0586756077116513,1193,1193
QB,attempts,50,1193,0.01882692998962419,0.018977612735993313,0.022187845488494624,0.019279128248113998,1193,1193
QB,carries,1,1193,0.09018737573724528,0.09643988306722376,0.8870111642387906,0.8918692372170998,1193,1193
QB,carries,3,1193,0.20451071527172562,0.24406708241443634,0.5349129612663015,0.5808885163453479,1193,1193
QB,carries,5,1193,0.16893377957142353,0.20906431984153495,0.2546290236791027,0.297569153394803,1193,1193
QB,carries,10,1193,0.033702244357931205,0.039341067865063466,0.04297633203654764,0.040234702430846606,1193,1193
QB,carries,15,1193,0.0024386491166425548,0.0025799147454913817,0.005763130999490383,0.002514668901927913,1193,1193
QB,carries,20,1193,2.7593514420370645e-06,1.9270481245582245e-07,0.0016611295681063125,0.0,1193,1193
QB,carries,25,1193,2.7593514420370645e-06,1.9270481245582245e-07,0.0016611295681063125,0.0,1193,1193
QB,carries,30,1193,2.7593514420370645e-06,1.9270481245582245e-07,0.0016611295681063125,0.0,1193,1193
QB,completions,10,1192,0.1006548996562774,0.12542528982118334,0.8909145131441057,0.8531879194630873,1193,1192
QB,completions,15,1192,0.16446282761001868,0.19350200122525082,0.7759063747240741,0.738255033557047,1193,1192
QB,completions,20,1192,0.23262649367027002,0.2520194015825974,0.5286600593101295,0.47651006711409394,1193,1192
QB,completions,25,1192,0.15752396617101802,0.16502285797232666,0.2374718499855069,0.20553691275167785,1193,1192
QB,completions,30,1192,0.05197201402802419,0.053371982693359264,0.0646251867377199,0.05620805369127517,1193,1192
QB,completions,35,1192,0.009062950917841775,0.009219942352135488,0.01482753238645232,0.009228187919463088,1193,1192
QB,completions,40,1192,0.00173763212385836,0.0016849656138825978,0.005214720506588775,0.0016778523489932886,1193,1192
QB,passing_interceptions,1,1193,0.24380634078699923,0.24588738014937409,0.4595620076136266,0.4266554903604359,1193,1193
QB,passing_interceptions,2,1193,0.11630163723770166,0.11581362824754637,0.15277797116624384,0.13327745180217937,1193,1193
QB,passing_interceptions,3,1193,0.028852669164364672,0.02860905935154642,0.042358107788233124,0.02933780385582565,1193,1193
QB,passing_interceptions,4,1193,0.004188868960393783,0.004173956031757969,0.005910725076790691,0.004191114836546521,1193,1193
QB,passing_interceptions,5,1193,0.0008381975248400147,0.0008376797432654745,0.0016611295681063125,0.0008382229673093043,1193,1193
QB,passing_tds,1,1192,0.1990373715447827,0.21359044068041733,0.7289014247809316,0.6912751677852349,1193,1192
QB,passing_tds,2,1192,0.22948614801872272,0.23901629387217996,0.3808251020089634,0.39177852348993286,1193,1192
QB,passing_tds,3,1192,0.12606885978190827,0.13110993564336965,0.13784588285134564,0.15436241610738255,1193,1192
QB,passing_tds,4,1192,0.048654588386619436,0.04952411637096496,0.03990334232647327,0.05201342281879195,1193,1192
QB,passing_tds,5,1192,0.010745192302350248,0.010824031437547536,0.006429909251042385,0.010906040268456376,1193,1192
QB,passing_yards,100,1193,0.11057438011990953,0.13437577247694732,0.8879078678782377,0.8407376362112322,1193,1193
QB,passing_yards,125,1193,0.13004105174801192,0.15749996359284354,0.8465007672107225,0.8046940486169321,1193,1193
QB,passing_yards,150,1193,0.16467313740516398,0.19438544669143193,0.7881370564171398,0.7376362112321878,1193,1193
QB,passing_yards,175,1193,0.20155348618126512,0.22889200842533483,0.6923902721579088,0.6487845766974015,1193,1193
QB,passing_yards,200,1193,0.2251332336537478,0.24802544020510103,0.5875901228929553,0.5532271584241408,1193,1193
QB,passing_yards,225,1193,0.2287504866566137,0.2460772497942958,0.4668581676613022,0.4291701592623638,1193,1193
QB,passing_yards,250,1193,0.20412434130719131,0.21757585718978903,0.34440520979244926,0.31852472757753564,1193,1193
QB,passing_yards,275,1193,0.16323266806025402,0.17019447791641068,0.24002556440810602,0.2162615255658005,1193,1193
QB,passing_yards,300,1193,0.10675084882785109,0.11068744375688752,0.16572169326608985,0.12405699916177704,1193,1193
QB,passing_yards,325,1193,0.07000796340036955,0.0715655032316119,0.09149022676576819,0.07711651299245599,1193,1193
QB,passing_yards,350,1193,0.039529420991478596,0.040280169944103,0.052391720250742846,0.041911148365465216,1193,1193
QB,passing_yards,375,1193,0.021125282391749028,0.02132435094323236,0.025568585296845105,0.02179379715004191,1193,1193
QB,passing_yards,400,1193,0.010805391264793535,0.010785508570707902,0.01320131553664371,0.010896898575020955,1193,1193
QB,passing_yards,425,1193,0.0074954462837170405,0.007487101281571775,0.008057801182423495,0.0075440067057837385,1193,1193
QB,rushing_tds,1,1191,0.11484486268211501,0.11882588270157672,0.11944930277189664,0.1376994122586062,1193,1191
QB,rushing_tds,2,1191,0.025821410734109724,0.026196888117775378,0.011231802193081555,0.02686817800167926,1193,1191
QB,rushing_tds,3,1191,0.0024988626421356755,0.0025139915489124894,0.0020098133565417263,0.0025188916876574307,1193,1191
QB,rushing_tds,4,1191,2.759351442037064e-06,1.9270481245582243e-07,0.0016611295681063128,0.0,1193,1191
QB,rushing_tds,5,1191,2.759351442037064e-06,1.9270481245582243e-07,0.0016611295681063128,0.0,1193,1191
QB,rushing_yards,10,1193,0.19578167236089175,0.251881941306898,0.45659898689197503,0.501257334450964,1193,1193
QB,rushing_yards,25,1193,0.16261264896137873,0.19887207088499306,0.22342819269659947,0.2715842414082146,1193,1193
QB,rushing_yards,40,1193,0.10532592251872527,0.11811621718459228,0.10549495534582963,0.1366303436714166,1193,1193
QB,rushing_yards,50,1193,0.06954818559898322,0.07547598364892202,0.056563341529910084,0.08214585079631181,1193,1193
QB,rushing_yards,60,1193,0.03722281597749694,0.039431855253522115,0.035137137176163284,0.04107292539815591,1193,1193
QB,rushing_yards,75,1193,0.011279472359824091,0.011850877691723513,0.019425329928458645,0.01173512154233026,1193,1193
QB,rushing_yards,90,1193,0.002590841342029008,0.0026314168430633974,0.009452982931998118,0.002514668901927913,1193,1193
QB,rushing_yards,100,1193,0.0017082004492436939,0.0017305197449476303,0.007183375894266945,0.0016764459346186086,1193,1193
QB,rushing_yards,125,1193,0.0008320913322105278,0.0008472086974116553,0.002655300994449906,0.0008382229673093043,1193,1193
QB,rushing_yards,150,1193,8.865544071523944e-06,4.817620311395562e-06,0.002421378305898472,0.0,1193,1193
QB,rushing_yards,175,1193,3.8140574416757067e-06,1.734343312102402e-06,0.0018198628210519283,0.0,1193,1193
QB,rushing_yards,200,1193,2.7593514420370645e-06,1.9270481245582245e-07,0.0016611295681063125,0.0,1193,1193
RB,carries,1,2852,0.08760973723961726,0.1385768548316888,0.8419480646559154,0.8345021037868162,2853,2852
RB,carries,3,2852,0.12275124274145444,0.21561788173429647,0.6773319882765724,0.6858345021037868,2853,2852
RB,carries,5,2852,0.126440151184285,0.24293410979568636,0.5664288742993201,0.5841514726507714,2853,2852
RB,carries,10,2852,0.12464178161500404,0.23443646178235464,0.3647414182738231,0.3751753155680224,2853,2852
RB,carries,15,2852,0.10798097241030921,0.15502223111518418,0.18994539007422664,0.19179523141654978,2853,2852
RB,carries,20,2852,0.060802603149704086,0.07118986801716917,0.07493488278902023,0.07713884992987377,2853,2852
RB,carries,25,2852,0.020994566082349293,0.021939170349168948,0.020470567952547144,0.02244039270687237,2853,2852
RB,carries,30,2852,0.0034850918317577994,0.003496825988684546,0.0056858158639038646,0.0035063113604488078,2853,2852
RB,receiving_tds,1,2853,0.05521188621592943,0.055730511103287146,0.05129356171099256,0.05923589204346302,2853,2853
RB,receiving_tds,2,2853,0.00279743203941783,0.002800286779077485,0.003407848356861635,0.0028040658955485456,2853,2853
RB,receiving_tds,3,2853,0.00035210310919310154,0.00035041982418717476,0.0016611295681063125,0.0003505082369435682,2853,2853
RB,receiving_tds,4,2853,2.7593514420370645e-06,3.1933357892214436e-08,0.0016611295681063125,0.0,2853,2853
RB,receiving_tds,5,2853,2.7593514420370645e-06,3.1933357892214436e-08,0.0016611295681063125,0.0,2853,2853
RB,receiving_yards,10,2847,0.1951089535199103,0.2376600980008359,0.38730341549710773,0.3860203723217422,2853,2847
RB,receiving_yards,25,2847,0.1267112006023609,0.1423040424224687,0.16669117226619615,0.17175974710221287,2853,2847
RB,receiving_yards,40,2847,0.06409521067812056,0.06803722021034724,0.07053703437902227,0.073410607657183,2853,2847
RB,receiving_yards,50,2847,0.041296233670013754,0.04261913799726048,0.040586524020738736,0.04460835967685283,2853,2847
RB,receiving_yards,60,2847,0.020879808827014647,0.021310372363175012,0.02437081873208028,0.021777309448542326,2853,2847
RB,receiving_yards,75,2847,0.009299061851136861,0.009398271532147446,0.012120352833955891,0.009483667017913594,2853,2847
RB,receiving_yards,90,2847,0.0031390573908928886,0.0031539967525041606,0.006055800417061966,0.003161222339304531,2853,2847
RB,receiving_yards,100,2847,0.0021008279073938935,0.0021030601859217614,0.00351071886592753,0.002107481559536354,2853,2847
RB,receiving_yards,125,2847,2.7593514420370645e-06,3.1933357892214436e-08,0.0016611295681063128,0.0,2853,2847
RB,receiving_yards,150,2847,2.7593514420370645e-06,3.1933357892214436e-08,0.0016611295681063128,0.0,2853,2847
RB,receiving_yards,175,2847,2.7593514420370645e-06,3.1933357892214436e-08,0.0016611295681063128,0.0,2853,2847
RB,receiving_yards,200,2847,2.7593514420370645e-06,3.1933357892214436e-08,0.0016611295681063128,0.0,2853,2847
RB,receptions,1,2853,0.1773079318948967,0.23481553910963582,0.6345136494428549,0.6281107606028742,2853,2853
RB,receptions,2,2853,0.1814534468705962,0.24142819149961106,0.4065971239692903,0.4020329477742727,2853,2853
RB,receptions,3,2853,0.14673079739863706,0.1833247443927823,0.24751412804380304,0.2400981423063442,2853,2853
RB,receptions,4,2853,0.09695640711791119,0.11568698759437314,0.13236110965551212,0.1331931300385559,2853,2853
RB,receptions,5,2853,0.06318124136367972,0.07181314711223823,0.07436538795206539,0.07781282860147214,2853,2853
RB,receptions,6,2853,0.033037958543712845,0.036512153843266774,0.040071475732835864,0.03785488958990536,2853,2853
RB,receptions,8,2853,0.007464974139102951,0.007664299114663083,0.008698077328405256,0.0077111812127585,2853,2853
RB,receptions,10,2853,0.0013876152639514731,0.0014040402945453018,0.0032040644981735146,0.0014020329477742728,2853,2853
RB,receptions,12,2853,7.974361247667575e-06,2.5866019892693695e-06,0.002248027081128101,0.0,2853,2853
RB,receptions,15,2853,2.7593514420370645e-06,3.1933357892214436e-08,0.0016611295681063125,0.0,2853,2853
RB,rushing_tds,1,2848,0.15146255237652087,0.1654565556274588,0.20028043226697526,0.2089185393258427,2853,2848
RB,rushing_tds,2,2848,0.04067565386397873,0.04205246662972711,0.03478923252081079,0.04389044943820225,2853,2848
RB,rushing_tds,3,2848,0.005183201403263526,0.005239753186086558,0.007461084773601105,0.0052668539325842695,2853,2848
RB,rushing_tds,4,2848,0.0003565066561137492,0.0003510345229652052,0.0022315595953563035,0.00035112359550561797,2853,2848
RB,rushing_tds,5,2848,2.7593514420370645e-06,3.1933357892214436e-08,0.0016611295681063125,0.0,2853,2848
RB,rushing_yards,10,2850,0.13850009594797472,0.2242880278134752,0.6452445066153757,0.6603508771929825,2853,2850
RB,rushing_yards,25,2850,0.1606775050118536,0.24973256655357734,0.47676167162091276,0.4803508771929825,2853,2850
RB,rushing_yards,40,2850,0.15363653861533225,0.22778001046105428,0.3424549746459171,0.3508771929824561,2853,2850
RB,rushing_yards,50,2850,0.1434824583671959,0.20144598074297962,0.267390569446873,0.27964912280701754,2853,2850
RB,rushing_yards,60,2850,0.13031618875667883,0.1728203871780482,0.20697557848108644,0.22210526315789475,2853,2850
RB,rushing_yards,75,2850,0.10382705004805146,0.12525479455950955,0.1318622136737192,0.14666666666666667,2853,2850
RB,rushing_yards,90,2850,0.07655120378400998,0.08700114039959518,0.0829154281051466,0.09614035087719298,2853,2850
RB,rushing_yards,100,2850,0.060023110778568915,0.06619975976344378,0.06234656408463018,0.0712280701754386,2853,2850
RB,rushing_yards,125,2850,0.02805951175551488,0.029286239500614455,0.02584834178469429,0.030175438596491227,2853,2850
RB,rushing_yards,150,2850,0.012168195734642952,0.012476383298609115,0.011224573060558372,0.01263157894736842,2853,2850
RB,rushing_yards,175,2850,0.004852719374732899,0.004893131107377948,0.004097452934662236,0.004912280701754386,2853,2850
RB,rushing_yards,200,2850,0.002432289872483108,0.0024525495848408,0.0022136737191816754,0.002456140350877193,2853,2850
RB,targets,1,2853,0.1597119007680506,0.21906971516184207,0.6973244926073039,0.6820890290921837,2853,2853
RB,targets,2,2853,0.18232375772808454,0.25110918107686875,0.47630517739093775,0.4749386610585349,2853,2853
RB,targets,3,2853,0.16699079325997743,0.2202706391865426,0.3250009024713742,0.32351910269891343,2853,2853
RB,targets,4,2853,0.12962247027486,0.1621869679728525,0.19884355571392473,0.2025937609533824,2853,2853
RB,targets,5,2853,0.09305308060204254,0.11068721114175759,0.13027319846335325,0.125832457062741,2853,2853
RB,targets,6,2853,0.05918949954061683,0.06786677846478628,0.07503263452936991,0.07290571328426218,2853,2853
RB,targets,8,2853,0.019104489155106624,0.020380175748372083,0.02487851570824207,0.020679985979670523,2853,2853
RB,targets,10,2853,0.0064301041888161934,0.006627739496869748,0.008183377525318688,0.006659656501927795,2853,2853
RB,targets,12,2853,0.0013927915867407415,0.0014040402945453023,0.002937398763090202,0.0014020329477742728,2853,2853
RB,targets,15,2853,0.0003489771982710323,0.0003511960745329654,0.0019871837420073063,0.0003505082369435682,2853,2853
RB,total_yards,25,2851,0.1476782776316837,0.24363521916962136,0.5742584929691861,0.5811995790950544,2853,2851
RB,total_yards,50,2851,0.146333417550817,0.23767806892962312,0.3841346103424689,0.3879340582251841,2853,2851
RB,total_yards,75,2851,0.12957803939677137,0.18163950711720928,0.22402992014225934,0.23851280252542967,2853,2851
RB,total_yards,100,2851,0.09593042080572126,0.11837407484442994,0.12531885414105445,0.13714486145212207,2853,2851
RB,total_yards,125,2851,0.05565146998365113,0.061904064356931875,0.06164707609733019,0.06629252893721502,2853,2851
RB,total_yards,150,2851,0.030200288535827572,0.03159640009033788,0.02473166144419805,0.03262013328656612,2853,2851
RB,total_yards,175,2851,0.013142351512756209,0.013504489442394244,0.010378709574422218,0.013679410733076113,2853,2851
RB,total_yards,200,2851,0.005509964131296101,0.00559138803406808,0.0035302644872522433,0.0056120659417748155,2853,2851
RB,total_yards,225,2851,0.0027806935881781927,0.002801816949990382,0.002144727443072373,0.0028060329708874078,2853,2851
TE,receiving_tds,1,2314,0.12716430100018644,0.12915647390595708,0.148176490350517,0.15211754537597233,2314,2314
TE,receiving_tds,2,2314,0.01610139281471753,0.01615769882220029,0.024988729587632128,0.016421780466724288,2314,2314
TE,receiving_tds,3,2314,0.0008809438159127853,0.0008661994965620509,0.0034658312682875,0.000864304235090752,2314,2314
TE,receiving_tds,4,2314,4.505112250655154e-06,4.610957150682598e-07,0.001923866569803335,0.0,2314,2314
TE,receiving_tds,5,2314,2.7593514420370645e-06,5.123285722980661e-08,0.0016611295681063128,0.0,2314,2314
TE,receiving_yards,10,2313,0.18427302647045243,0.23809574593369706,0.6221709448114299,0.6095979247730221,2314,2313
TE,receiving_yards,25,2313,0.17531969096619068,0.23379431444893914,0.36361214168652406,0.3722438391699092,2314,2313
TE,receiving_yards,40,2313,0.13672267990235337,0.1684556872748372,0.21331618340938766,0.21444012105490703,2314,2313
TE,receiving_yards,50,2313,0.10847282874866554,0.12645192146499978,0.1335489282733876,0.14829226113272806,2314,2313
TE,receiving_yards,60,2313,0.08110667629769794,0.09170252800326553,0.0915531597370345,0.10203199308257674,2314,2313
TE,receiving_yards,75,2313,0.048082386031162334,0.0519017105536266,0.049580372673305444,0.05490704712494596,2314,2313
TE,receiving_yards,90,2313,0.02847631719877914,0.0298018373915001,0.02195089721105466,0.030696065715520967,2314,2313
TE,receiving_yards,100,2313,0.015505051049480967,0.016161917961263313,0.013219373955958883,0.016428880242109815,2314,2313
TE,receiving_yards,125,2313,0.005075747644782001,0.005161340439422863,0.005863866374227427,0.005188067444876783,2314,2313
TE,receiving_yards,150,2313,0.0017301777748134732,0.0017263861476862691,0.0026665689954080145,0.0017293558149589277,2314,2313
TE,receiving_yards,175,2313,6.720028825332805e-06,1.2808214307451653e-06,0.0022572115142923217,0.0,2314,2313
TE,receiving_yards,200,2313,2.759351442037064e-06,5.1232857229806613e-08,0.0016611295681063125,0.0,2314,2313
TE,receptions,1,2313,0.13294170274664818,0.15732122352303202,0.8241278172053668,0.8045827929096412,2314,2313
TE,receptions,2,2313,0.17822810703485353,0.24851233781379295,0.5385830198516833,0.5399913532209252,2314,2313
TE,receptions,3,2313,0.1650279232766018,0.23261630551242565,0.36127664953110616,0.3674881106787722,2314,2313
TE,receptions,4,2313,0.14028339567654272,0.18460670690208478,0.23054079714110484,0.2438391699092088,2314,2313
TE,receptions,5,2313,0.10332777521455144,0.12731099685022407,0.13777177386805475,0.14958927799394725,2314,2313
TE,receptions,6,2313,0.07487979475368961,0.08615482140560744,0.0829365438450589,0.09511456982274102,2314,2313
TE,receptions,8,2313,0.02987790071481781,0.0322115651960715,0.027526777006462104,0.03329009943795936,2314,2313
TE,receptions,10,2313,0.010694250055114258,0.011118300859622232,0.009029564228188786,0.01124081279723303,2314,2313
TE,receptions,12,2313,0.0034181516689676525,0.003452163769524431,0.002385045955763538,0.0034587116299178555,2314,2313
TE,receptions,15,2313,2.759351442037064e-06,5.1232857229806613e-08,0.0016611295681063125,0.0,2314,2313
TE,targets,1,2314,0.0768025073360828,0.09343564737078626,0.9124095136637597,0.8958513396715644,2314,2314
TE,targets,2,2314,0.15740268120431966,0.22661678904854846,0.651388198945032,0.6529818496110631,2314,2314
TE,targets,3,2314,0.16027482024220532,0.24977174145855824,0.4859887956308128,0.4848746758859118,2314,2314
TE,targets,4,2314,0.1524994782512403,0.2317575550504574,0.3557171858713536,0.3647363872082973,2314,2314
TE,targets,5,2314,0.13747383898725957,0.19371931680232288,0.2608332352257097,0.2627484874675886,2314,2314
TE,targets,6,2314,0.11285231539922158,0.15084019081998176,0.18727692479978866,0.18496110630942092,2314,2314
TE,targets,8,2314,0.06831852955196709,0.08181538282955866,0.08080957453834381,0.0898876404494382,2314,2314
TE,targets,10,2314,0.03521164492671368,0.03821368563266617,0.03013579052251641,0.03975799481417459,2314,2314
TE,targets,12,2314,0.015630886427603585,0.016190995485637467,0.008707649810341214,0.016421780466724288,2314,2314
TE,targets,15,2314,0.002125270606042391,0.0021567028303042623,0.003320823414891876,0.00216076058772688,2314,2314
WR,carries,1,4539,0.09387391845186736,0.11194612785562699,0.11412900671112448,0.12822207534699273,4539,4539
WR,carries,3,4539,0.00791065327754208,0.008317384354453356,0.007573711480934156,0.008371888081075127,4539,4539
WR,carries,5,4539,0.0008747071120789757,0.0008814858858211627,0.002294986455517666,0.0008812513769552765,4539,4539
WR,carries,10,4539,2.759351442037064e-06,1.2318289827186712e-08,0.0016611295681063125,0.0,4539,4539
WR,carries,15,4539,2.759351442037064e-06,1.2318289827186712e-08,0.0016611295681063125,0.0,4539,4539
WR,carries,20,4539,2.759351442037064e-06,1.2318289827186712e-08,0.0016611295681063125,0.0,4539,4539
WR,carries,25,4539,2.759351442037064e-06,1.2318289827186712e-08,0.0016611295681063125,0.0,4539,4539
WR,carries,30,4539,2.759351442037064e-06,1.2318289827186712e-08,0.0016611295681063125,0.0,4539,4539
WR,receiving_tds,1,4535,0.1437762356670859,0.15031303229960036,0.18697286150171974,0.18412348401323042,4539,4535
WR,receiving_tds,2,4535,0.024610824662510022,0.024732582280095,0.024831964015574692,0.025358324145534728,4539,4535
WR,receiving_tds,3,4535,0.0020124579819530996,0.0019809488018641195,0.006610453211822407,0.001984564498346196,4539,4535
WR,receiving_tds,4,4535,2.7593514420370637e-06,1.231828982718671e-08,0.0016611295681063125,0.0,4539,4535
WR,receiving_tds,5,4535,2.7593514420370637e-06,1.231828982718671e-08,0.0016611295681063125,0.0,4539,4535
WR,receiving_yards,10,4538,0.16331353335917745,0.22399819702039847,0.661911448396633,0.6621859850154252,4539,4538
WR,receiving_yards,25,4538,0.18147018259425043,0.24959023893480584,0.46854542446289654,0.4773027765535478,4539,4538
WR,receiving_yards,40,4538,0.17050674544316277,0.22419484298526077,0.34395558217137234,0.3378140149845747,4539,4538
WR,receiving_yards,50,4538,0.15223523714021955,0.19486640152621842,0.2701608711376358,0.26443367122080214,4539,4538
WR,receiving_yards,60,4538,0.13144261315878933,0.16170393923202722,0.20556643127286892,0.20251211987659762,4539,4538
WR,receiving_yards,75,4538,0.09880416761934624,0.11539222993733042,0.13774270867345373,0.13287791978845306,4539,4538
WR,receiving_yards,90,4538,0.07072713796823854,0.07863928896368547,0.08894473980517417,0.08594094314676069,4539,4538
WR,receiving_yards,100,4538,0.053147765971915395,0.05702466997693226,0.06561132350077382,0.060599382988100484,4539,4538
WR,receiving_yards,125,4538,0.02141878515579736,0.0220363712203318,0.028358534574775725,0.02247686205376818,4539,4538
WR,receiving_yards,150,4538,0.007332073496241388,0.0074797547318722025,0.014190980849789666,0.00749228735125606,4539,4538
WR,receiving_yards,175,4538,0.003092785438391918,0.0030800846294633095,0.006184028850504196,0.003085059497576025,4539,4538
WR,receiving_yards,200,4538,0.0006668132678023078,0.0006616546250787094,0.0031868210709417263,0.0006610841780520053,4539,4538
WR,receptions,1,4538,0.12154120890842302,0.17554888139561786,0.7798597008063324,0.7739092111062142,4539,4538
WR,receptions,2,4538,0.16167570200831508,0.24307800399484908,0.5786521789422361,0.5848391361833407,4539,4538
WR,receptions,3,4538,0.16573164946528246,0.24569300348103418,0.42605520894799037,0.43256941383869546,4539,4538
WR,receptions,4,4538,0.1476188433938006,0.2128274860442856,0.3071574258860944,0.30608197443807844,4539,4538
WR,receptions,5,4538,0.12121623051831604,0.1650282174424455,0.2092327763046346,0.20802115469369767,4539,4538
WR,receptions,6,4538,0.09367975161254721,0.11724343319501981,0.1386007271193861,0.13530189510797708,4539,4538
WR,receptions,8,4538,0.043347877640886,0.04818613967320991,0.05266417655852608,0.050683120317320404,4539,4538
WR,receptions,10,4538,0.013873825689222874,0.014572267855610704,0.01764062497712195,0.014764213309828118,4539,4538
WR,receptions,12,4538,0.004319518420425722,0.0043923882992883126,0.006588878851016664,0.004407227853680035,4539,4538
WR,receptions,15,4538,0.00044192551722176056,0.0004405415941282581,0.001961289604652627,0.00044072278536800354,4539,4538
WR,rushing_yards,10,4539,0.032186253977894784,0.03354001010754895,0.032900173395723584,0.034589116545494604,4539,4539
WR,rushing_yards,25,4539,0.005058951406718339,0.0050849012290225355,0.00920007407195959,0.00506719541749284,4539,4539
WR,rushing_yards,40,4539,0.0004766407264773302,0.00045387052592504737,0.00443224062554209,0.0004406256884776382,4539,4539
WR,rushing_yards,50,4539,0.0002336962154651786,0.00022304146077533338,0.0027348802076357067,0.0002203128442388191,4539,4539
WR,rushing_yards,60,4539,0.00022452390998876196,0.00022037628112463333,0.0019897689935655474,0.0002203128442388191,4539,4539
WR,rushing_yards,75,4539,2.759351442037064e-06,1.2318289827186712e-08,0.0016611295681063125,0.0,4539,4539
WR,rushing_yards,90,4539,2.759351442037064e-06,1.2318289827186712e-08,0.0016611295681063125,0.0,4539,4539
WR,rushing_yards,100,4539,2.759351442037064e-06,1.2318289827186712e-08,0.0016611295681063125,0.0,4539,4539
WR,rushing_yards,125,4539,2.759351442037064e-06,1.2318289827186712e-08,0.0016611295681063125,0.0,4539,4539
WR,rushing_yards,150,4539,2.759351442037064e-06,1.2318289827186712e-08,0.0016611295681063125,0.0,4539,4539
WR,rushing_yards,175,4539,2.759351442037064e-06,1.2318289827186712e-08,0.0016611295681063125,0.0,4539,4539
WR,rushing_yards,200,4539,2.759351442037064e-06,1.2318289827186712e-08,0.0016611295681063125,0.0,4539,4539
WR,targets,1,4538,0.072373520997964,0.1212518063986191,0.8687854060726036,0.8598501542529748,4539,4538
WR,targets,2,4538,0.12415889823905416,0.2053273752706121,0.7146839754073757,0.7128691053327457,4539,4538
WR,targets,3,4538,0.14715545233567826,0.23962700212431431,0.5932926677491951,0.6029087703834288,4539,4538
WR,targets,4,4538,0.15629014360783727,0.25061505532728917,0.4960151924904351,0.495152049360952,4539,4538
WR,targets,5,4538,0.14988470264642698,0.23949454746807627,0.3979492480625036,0.39378580872631114,4539,4538
WR,targets,6,4538,0.14094705022752696,0.21611754644516035,0.3154220762582196,0.3146760687527545,4539,4538
WR,targets,8,4538,0.1093611762603702,0.1489989757572739,0.17754685791009547,0.18201851035698546,4539,4538
WR,targets,10,4538,0.0671896129362754,0.08019759464690533,0.09259351449333718,0.0877038342882327,4539,4538
WR,targets,12,4538,0.03470904267413741,0.03815491645675307,0.04314105032585666,0.03966505068312032,4539,4538
WR,targets,15,4538,0.007815233623134878,0.00808986810677873,0.009987276142841036,0.008153371529308066,4539,4538
